log,优先级
[2024-08-07 12:00:00] Database connection failed. System is down.,P0
[2024-08-07 12:05:00] Unrecoverable error in payment processing module. System halted.,P0
[2024-08-07 12:10:00] Authentication service is not responding. All user access is blocked.,P0
[2024-08-07 12:15:00] Data corruption detected in primary storage. Immediate action required.,P0
[2024-08-07 13:15:00] System backup failed. Manual intervention needed.,P0
[2024-08-07 13:20:00] Disk I/O error. System is not booting up.,P0
[2024-08-07 13:25:00] Network partition detected. Some services are unreachable.,P0
[2024-08-07 13:30:00] High memory leak detected. System may become unstable.,P0
[2024-08-07 13:35:00] Unauthorized access attempt from an unknown IP.,P0
[2024-08-07 12:20:00] Critical security breach detected. All systems locked down.,P0
[2024-08-07 13:40:00] Payment gateway is temporarily unavailable.,P1
[2024-08-07 13:45:00] Deprecated feature X is still in use. Plan to phase out.,P1
[2024-08-07 13:50:00] Failed to synchronize data with remote server.,P1
[2024-08-07 13:55:00] Service Y is experiencing high latency. Affecting user experience.,P1
[2024-08-07 14:00:00] Database replication lag is increasing.,P1
[2024-08-07 12:25:00] Failed to process batch job. Retrying in 5 minutes.,P1
[2024-08-07 12:30:00] Performance degradation detected in analytics engine.,P1
[2024-08-07 12:35:00] Timeout occurred while fetching data from external API.,P1
[2024-08-07 12:40:00]  Service X is running below acceptable thresholds.,P1
[2024-08-07 12:45:00] Resource utilization is at 95%. Consider scaling up.,P1
[2024-08-07 12:50:00] Deprecated API method called. Update recommended.,P2
[2024-08-07 12:55:00] User exceeded daily request limit. No action taken.,P2
[2024-08-07 13:00:00] Scheduled maintenance will start in 30 minutes.,P2
[2024-08-07 13:05:00] Function X completed successfully with parameters Y.,P2
[2024-08-07 13:10:00] User login attempt failed due to incorrect credentials.,P2
[2024-08-07 14:05:00] Configuration file X has been modified.,P2
[2024-08-07 14:10:00] Service Z is running with default settings.,P2
[2024-08-07 14:15:00] User X has been granted admin privileges.,P2
[2024-08-07 14:20:00] Detailed stack trace for function Y.,P2
[2024-08-07 14:25:00] Service W is up and running smoothly.,P2
